Nombre,Apellido,Usuario,Contrasena,Departamento
Juan,Perez,jperez,Gerardo1234!!,Cuates
Maria,Lopez,mlopez,Gerardo1234!!,Cuates
Carlos,Gomez,cgomez,Gerardo1234!!,Cuates
Ana,Martinez,amartinez,Gerardo1234!!,Cuates
Luis,Hernandez,lhernandez,Gerardo1234!!,Cuates
Sofia,Torres,storres,Gerardo1234!!,NoCuates
Diego,Ramirez,dramirez,Gerardo1234!!,NoCuates
Elena,Flores,eflores,Gerardo1234!!,NoCuates
Miguel,Sanchez,msanchez,Gerardo1234!!,NoCuates
Laura,Diaz,ldiaz,Gerardo1234!!,NoCuates
,,,,
,,,,
,,,,
,,,,
,,,,
,,,,
